start_ts;end_ts;graph;session_id;rule_type;rule_name;start_num;end_num;
1692306008;1692306042;S;18-08-23;dsc_buy_S;dsc_buy_all_prc_S;0;3;
1692306008;1692306042;S;18-08-23;dsc_buy_S;dsc_buy_up_cnt_wz_S;0;3;
1692306111;1692306134;S;18-08-23;dsc_buy_S;dsc_buy_all_prc_S;9;11;
1692306008;1692306169;S;18-08-23;dsc_buy_S;dsc_buy_event_S;0;14;
1692306476;1692306612;S;18-08-23;dsc_buy_S;dsc_buy_all_prc_S;41;53;
1692306964;1692306975;S;18-08-23;dsc_buy_S;dsc_buy_up_cnt_S;84;85;
1692306986;1692307077;S;18-08-23;dsc_buy_S;dsc_buy_up_cnt_S;86;94;
1692307089;1692307123;S;18-08-23;dsc_buy_S;dsc_buy_up_cnt_S;95;98;
1692306839;1692307148;S;18-08-23;dsc_buy_S;dsc_buy_up_cnt_wz_S;73;100;
1692307159;1692307193;S;18-08-23;dsc_buy_S;dsc_buy_up_cnt_wz_S;101;104;
1692306691;1692307273;S;18-08-23;dsc_buy_S;dsc_buy_all_prc_S;60;111;
1692307693;1692307866;S;18-08-23;dsc_buy_S;dsc_buy_all_prc_S;148;163;
1692307946;1692307969;S;18-08-23;dsc_buy_S;dsc_buy_up_cnt_wz_S;170;172;
1692308221;1692308279;S;18-08-23;dsc_buy_S;dsc_buy_up_cnt_S;194;199;
1692308428;1692308911;S;18-08-23;dsc_buy_S;dsc_buy_ALL_S;212;254;
1692308267;1692308911;S;18-08-23;dsc_buy_S;dsc_buy_deriv_S;198;254;
1692308290;1692308933;S;18-08-23;dsc_buy_S;dsc_buy_up_cnt_S;200;256;
1692307889;1692308956;S;18-08-23;dsc_buy_S;dsc_buy_all_prc_S;165;258;
1692308141;1692308991;S;18-08-23;dsc_buy_S;dsc_buy_up_cnt_wz_S;187;261;
1692308428;1692309047;S;18-08-23;dsc_buy_S;dsc_buy_event_S;212;266;
1692309308;1692309353;S;18-08-23;dsc_buy_S;dsc_buy_up_cnt_wz_S;289;293;
1692310443;1692310499;S;18-08-23;dsc_buy_S;dsc_buy_up_cnt_wz_S;389;394;
1692310533;1692310544;S;18-08-23;dsc_buy_S;dsc_buy_up_cnt_wz_S;397;398;
1692315050;1692315084;S;18-08-23;dsc_buy_S;dsc_buy_deriv_S;796;799;
1692315379;1692315401;S;18-08-23;dsc_buy_S;dsc_buy_up_cnt_wz_S;825;827;
1692315299;1692315616;S;18-08-23;dsc_buy_S;dsc_buy_deriv_S;818;846;
1692315436;1692315707;S;18-08-23;dsc_buy_S;dsc_buy_event_S;830;854;
1692317098;1692317109;S;18-08-23;dsc_buy_S;dsc_buy_up_cnt_wz_S;977;978;
1692316521;1692317200;S;18-08-23;dsc_buy_S;dsc_buy_event_S;926;986;
1692321131;1692321199;S;18-08-23;dsc_buy_S;dsc_buy_up_cnt_wz_S;1334;1340;
1692321278;1692321301;S;18-08-23;dsc_buy_S;dsc_buy_up_cnt_wz_S;1347;1349;
1692321312;1692321459;S;18-08-23;dsc_buy_S;dsc_buy_up_cnt_wz_S;1350;1363;
1692321346;1692321910;S;18-08-23;dsc_buy_S;dsc_buy_all_prc_S;1353;1403;
1692321922;1692321944;S;18-08-23;dsc_buy_S;dsc_buy_all_prc_S;1404;1406;
1692321538;1692322013;S;18-08-23;dsc_buy_S;dsc_buy_event_S;1370;1412;
1692322839;1692322941;S;18-08-23;dsc_buy_S;dsc_buy_all_prc_S;1485;1494;
1692322896;1692322963;S;18-08-23;dsc_buy_S;dsc_buy_event_S;1490;1496;
1692323426;1692323506;S;18-08-23;dsc_buy_S;dsc_buy_all_prc_S;1537;1544;
1692323574;1692323608;S;18-08-23;dsc_buy_S;dsc_buy_all_prc_S;1550;1553;
1692323631;1692323744;S;18-08-23;dsc_buy_S;dsc_buy_all_prc_S;1555;1565;
1692323778;1692324094;S;18-08-23;dsc_buy_S;dsc_buy_all_prc_S;1568;1596;
1692326188;1692326233;S;18-08-23;dsc_buy_S;dsc_buy_up_cnt_wz_S;1781;1785;
1692326324;1692326380;S;18-08-23;dsc_buy_S;dsc_buy_deriv_S;1793;1798;
1692326301;1692326391;S;18-08-23;dsc_buy_S;dsc_buy_up_cnt_wz_S;1791;1799;
1692326515;1692326865;S;18-08-23;dsc_buy_S;dsc_buy_up_cnt_wz_S;1810;1841;
1692326052;1692327057;S;18-08-23;dsc_buy_S;dsc_buy_all_prc_S;1769;1858;
1692327454;1692327624;S;18-08-23;dsc_buy_S;dsc_buy_up_cnt_S;1893;1908;
1692327635;1692327748;S;18-08-23;dsc_buy_S;dsc_buy_up_cnt_S;1909;1919;
1692327397;1692327748;S;18-08-23;dsc_buy_S;dsc_buy_up_cnt_wz_S;1888;1919;
1692327760;1692327782;S;18-08-23;dsc_buy_S;dsc_buy_up_cnt_wz_S;1920;1922;
1692327238;1692327895;S;18-08-23;dsc_buy_S;dsc_buy_all_prc_S;1874;1932;
1692326493;1692328124;S;18-08-23;dsc_buy_S;dsc_buy_event_S;1808;1952;
1692328226;1692328305;S;18-08-23;dsc_buy_S;dsc_buy_all_prc_S;1961;1968;
1692328384;1692328791;S;18-08-23;dsc_buy_S;dsc_buy_all_prc_S;1975;2011;
1692332792;1692333119;S;18-08-23;dsc_buy_S;dsc_buy_deriv_S;2365;2394;
1692333402;1692333424;S;18-08-23;dsc_buy_S;dsc_buy_deriv_S;2419;2421;
1692333435;1692333583;S;18-08-23;dsc_buy_S;dsc_buy_up_cnt_wz_S;2422;2435;
1692333594;1692333650;S;18-08-23;dsc_buy_S;dsc_buy_up_cnt_wz_S;2436;2441;
1692333662;1692333673;S;18-08-23;dsc_buy_S;dsc_buy_up_cnt_wz_S;2442;2443;
1692333696;1692333752;S;18-08-23;dsc_buy_S;dsc_buy_up_cnt_wz_S;2445;2450;
1692333458;1692333774;S;18-08-23;dsc_buy_S;dsc_buy_all_prc_S;2424;2452;
1692333549;1692333955;S;18-08-23;dsc_buy_S;dsc_buy_event_S;2432;2468;
1692334282;1692334305;S;18-08-23;dsc_buy_S;dsc_buy_up_cnt_wz_S;2497;2499;
1692334068;1692334710;S;18-08-23;dsc_buy_S;dsc_buy_all_prc_S;2478;2535;
1692334361;1692334767;S;18-08-23;dsc_buy_S;dsc_buy_event_S;2504;2540;
1692347693;1692347727;S;18-08-23;dsc_buy_S;dsc_buy_deriv_S;3681;3684;
1692347739;1692347750;S;18-08-23;dsc_buy_S;dsc_buy_deriv_S;3685;3686;
1692347603;1692348271;S;18-08-23;dsc_buy_S;dsc_buy_all_prc_S;3673;3732;
1692348090;1692348362;S;18-08-23;dsc_buy_S;dsc_buy_event_S;3716;3740;
1692348555;1692348588;S;18-08-23;dsc_buy_S;dsc_buy_all_prc_S;3757;3760;
1692348622;1692348633;S;18-08-23;dsc_buy_S;dsc_buy_all_prc_S;3763;3764;
1692348724;1692348735;S;18-08-23;dsc_buy_S;dsc_buy_all_prc_S;3772;3773;
1692351293;1692351713;S;18-08-23;dsc_buy_S;dsc_buy_all_prc_S;3999;4036;
1692352154;1692352222;S;18-08-23;dsc_buy_S;dsc_buy_up_cnt_wz_S;4075;4081;
1692352245;1692352279;S;18-08-23;dsc_buy_S;dsc_buy_up_cnt_wz_S;4083;4086;
1692351973;1692352574;S;18-08-23;dsc_buy_S;dsc_buy_all_prc_S;4059;4112;
1692352607;1692353004;S;18-08-23;dsc_buy_S;dsc_buy_all_prc_S;4115;4150;
1692353039;1692353084;S;18-08-23;dsc_buy_S;dsc_buy_all_prc_S;4153;4157;
1692353381;1692353957;S;18-08-23;dsc_buy_S;dsc_buy_all_prc_S;4183;4233;
1692354042;1692354078;S;18-08-23;dsc_buy_S;dsc_buy_all_prc_S;4239;4242;
1692351554;1692354170;S;18-08-23;dsc_buy_S;dsc_buy_event_S;4022;4250;
1692358192;1692358239;S;18-08-23;dsc_buy_S;dsc_buy_up_cnt_wz_S;4596;4600;
1692358262;1692358331;S;18-08-23;dsc_buy_S;dsc_buy_up_cnt_wz_S;4602;4608;
1692358366;1692358389;S;18-08-23;dsc_buy_S;dsc_buy_deriv_S;4611;4613;
1692358401;1692358810;S;18-08-23;dsc_buy_S;dsc_buy_all_prc_S;4614;4649;
1692361081;1692361093;S;18-08-23;dsc_buy_S;dsc_buy_up_cnt_wz_S;4839;4840;
1692361056;1692361140;S;18-08-23;dsc_buy_S;dsc_buy_deriv_S;4837;4844;
1692362054;1692362280;S;18-08-23;dsc_buy_S;dsc_buy_all_prc_S;4919;4938;
1692361435;1692362932;S;18-08-23;dsc_buy_S;dsc_buy_event_S;4868;4994;
1692363186;1692363281;S;18-08-23;dsc_buy_S;dsc_buy_all_prc_S;5015;5023;
1692363079;1692363293;S;18-08-23;dsc_buy_S;dsc_buy_event_S;5006;5024;
1692363304;1692363386;S;18-08-23;dsc_buy_S;dsc_buy_all_prc_S;5025;5032;
1692363635;1692363881;S;18-08-23;dsc_buy_S;dsc_buy_all_prc_S;5053;5074;
1692363916;1692363927;S;18-08-23;dsc_buy_S;dsc_buy_all_prc_S;5077;5078;
1692363858;1692363927;S;18-08-23;dsc_buy_S;dsc_buy_event_S;5072;5078;
1692363939;1692364315;S;18-08-23;dsc_buy_S;dsc_buy_all_prc_S;5079;5111;
1692364350;1692364373;S;18-08-23;dsc_buy_S;dsc_buy_up_cnt_wz_S;5114;5116;
1692364385;1692364396;S;18-08-23;dsc_buy_S;dsc_buy_up_cnt_wz_S;5117;5118;
1692364408;1692364572;S;18-08-23;dsc_buy_S;dsc_buy_up_cnt_wz_S;5119;5133;
1692364583;1692364595;S;18-08-23;dsc_buy_S;dsc_buy_up_cnt_wz_S;5134;5135;
1692364338;1692364689;S;18-08-23;dsc_buy_S;dsc_buy_all_prc_S;5113;5143;
1692364210;1692364771;S;18-08-23;dsc_buy_S;dsc_buy_event_S;5102;5150;
1692365256;1692365268;S;18-08-23;dsc_buy_S;dsc_buy_up_cnt_wz_S;5191;5192;
1692364934;1692365569;S;18-08-23;dsc_buy_S;dsc_buy_all_prc_S;5164;5217;
1692365594;1692365605;S;18-08-23;dsc_buy_S;dsc_buy_all_prc_S;5219;5220;
1692365343;1692365703;S;18-08-23;dsc_buy_S;dsc_buy_event_S;5198;5228;
1692368211;1692368563;S;18-08-23;dsc_buy_S;dsc_buy_up_cnt_wz_S;5441;5472;
1692368381;1692368575;S;18-08-23;dsc_buy_S;dsc_buy_all_prc_S;5456;5473;
1692368897;1692369150;S;18-08-23;dsc_buy_S;dsc_buy_all_prc_S;5501;5523;
1692368449;1692369276;S;18-08-23;dsc_buy_S;dsc_buy_event_S;5462;5534;
1692370548;1692370559;S;18-08-23;dsc_buy_S;dsc_buy_deriv_S;5644;5645;
1692370306;1692370867;S;18-08-23;dsc_buy_S;dsc_buy_all_prc_S;5623;5672;
1692370513;1692370878;S;18-08-23;dsc_buy_S;dsc_buy_up_cnt_wz_S;5641;5673;
1692370901;1692371083;S;18-08-23;dsc_buy_S;dsc_buy_all_prc_S;5675;5691;
1692373382;1692373394;S;18-08-23;dsc_buy_S;dsc_buy_up_cnt_wz_S;5892;5893;
1692373430;1692373442;S;18-08-23;dsc_buy_S;dsc_buy_up_cnt_wz_S;5896;5897;
1692373681;1692373704;S;18-08-23;dsc_buy_S;dsc_buy_up_cnt_wz_S;5918;5920;
1692373886;1692373955;S;18-08-23;dsc_buy_S;dsc_buy_deriv_S;5936;5942;
1692374001;1692374014;S;18-08-23;dsc_buy_S;dsc_buy_deriv_S;5946;5947;
1692373716;1692374072;S;18-08-23;dsc_buy_S;dsc_buy_up_cnt_wz_S;5921;5952;
1692374220;1692374234;S;18-08-23;dsc_buy_S;dsc_buy_up_cnt_S;5965;5966;
1692374394;1692374405;S;18-08-23;dsc_buy_S;dsc_buy_up_cnt_S;5980;5981;
1692373579;1692374632;S;18-08-23;dsc_buy_S;dsc_buy_all_prc_S;5909;6001;
1692373477;1692374851;S;18-08-23;dsc_buy_S;dsc_buy_event_S;5900;6020;
1692376109;1692376683;S;18-08-23;dsc_buy_S;dsc_buy_all_prc_S;6130;6180;
1692376775;1692377086;S;18-08-23;dsc_buy_S;dsc_buy_all_prc_S;6188;6215;
1692376980;1692377120;S;18-08-23;dsc_buy_S;dsc_buy_event_S;6206;6218;
1692377713;1692377747;S;18-08-23;dsc_buy_S;dsc_buy_all_prc_S;6270;6273;
1692378035;1692378298;S;18-08-23;dsc_buy_S;dsc_buy_deriv_S;6298;6321;
1692377977;1692378309;S;18-08-23;dsc_buy_S;dsc_buy_up_cnt_S;6293;6322;
1692377953;1692378344;S;18-08-23;dsc_buy_S;dsc_buy_up_cnt_wz_S;6291;6325;
1692377770;1692378412;S;18-08-23;dsc_buy_S;dsc_buy_all_prc_S;6275;6331;
1692378515;1692378583;S;18-08-23;dsc_buy_S;dsc_buy_up_cnt_S;6340;6346;
1692378640;1692378708;S;18-08-23;dsc_buy_S;dsc_buy_up_cnt_S;6351;6357;
1692378515;1692378720;S;18-08-23;dsc_buy_S;dsc_buy_deriv_S;6340;6358;
1692378731;1692378743;S;18-08-23;dsc_buy_S;dsc_buy_up_cnt_S;6359;6360;
1692378743;1692378765;S;18-08-23;dsc_buy_S;dsc_buy_deriv_S;6360;6362;
1692378754;1692378765;S;18-08-23;dsc_buy_S;dsc_buy_up_cnt_S;6361;6362;
1692378435;1692378845;S;18-08-23;dsc_buy_S;dsc_buy_all_prc_S;6333;6369;
1692378492;1692378857;S;18-08-23;dsc_buy_S;dsc_buy_up_cnt_wz_S;6338;6370;
1692378834;1692378903;S;18-08-23;dsc_buy_S;dsc_buy_event_S;6368;6374;
1692379303;1692379338;S;18-08-23;dsc_buy_S;dsc_buy_all_prc_S;6409;6412;
1692379349;1692379419;S;18-08-23;dsc_buy_S;dsc_buy_all_prc_S;6413;6419;
1692379419;1692379431;S;18-08-23;dsc_buy_S;dsc_buy_up_cnt_wz_S;6419;6420;
1692379477;1692379524;S;18-08-23;dsc_buy_S;dsc_buy_up_cnt_wz_S;6424;6428;
1692379547;1692379570;S;18-08-23;dsc_buy_S;dsc_buy_up_cnt_wz_S;6430;6432;
1692379501;1692379708;S;18-08-23;dsc_buy_S;dsc_buy_all_prc_S;6426;6444;
1692382676;1692382744;S;18-08-23;dsc_buy_S;dsc_buy_event_S;6704;6710;
1692387552;1692387564;S;18-08-23;dsc_buy_S;dsc_buy_up_cnt_wz_S;7130;7131;
1692387564;1692388149;S;18-08-23;dsc_buy_S;dsc_buy_all_prc_S;7131;7182;
1692386451;1692388378;S;18-08-23;dsc_buy_S;dsc_buy_event_S;7034;7202;
1692388458;1692388951;S;18-08-23;dsc_buy_S;dsc_buy_all_prc_S;7209;7252;
1692389042;1692389065;S;18-08-23;dsc_buy_S;dsc_buy_all_prc_S;7260;7262;
1692389168;1692389568;S;18-08-23;dsc_buy_S;dsc_buy_all_prc_S;7271;7306;
1692306008;1692306100;L;18-08-23;dsc_set_L;dsc_set_event_L;0;8;
1692306008;1692306612;L;18-08-23;dsc_set_L;dsc_set_all_prc_L;0;53;
1692307055;1692307170;L;18-08-23;dsc_set_L;dsc_set_up_cnt_L;92;102;
1692306691;1692307682;L;18-08-23;dsc_set_L;dsc_set_all_prc_L;60;147;
1692308256;1692308279;L;18-08-23;dsc_set_L;dsc_set_up_cnt_L;197;199;
1692308508;1692309444;L;18-08-23;dsc_set_L;dsc_set_deriv_L;219;301;
1692308290;1692309467;L;18-08-23;dsc_set_L;dsc_set_up_cnt_wz_L;200;303;
1692308290;1692309489;L;18-08-23;dsc_set_L;dsc_set_up_cnt_L;200;305;
1692307935;1692309513;L;18-08-23;dsc_set_L;dsc_set_all_prc_L;169;307;
1692310657;1692310907;L;18-08-23;dsc_set_L;dsc_set_deriv_L;408;430;
1692312086;1692312199;L;18-08-23;dsc_set_L;dsc_set_all_prc_L;534;544;
1692312210;1692312278;L;18-08-23;dsc_set_L;dsc_set_all_prc_L;545;551;
1692312301;1692312629;L;18-08-23;dsc_set_L;dsc_set_deriv_L;553;582;
1692312720;1692312742;L;18-08-23;dsc_set_L;dsc_set_all_prc_L;590;592;
1692312754;1692312844;L;18-08-23;dsc_set_L;dsc_set_all_prc_L;593;601;
1692314474;1692315526;L;18-08-23;dsc_set_L;dsc_set_deriv_L;745;838;
1692315594;1692315650;L;18-08-23;dsc_set_L;dsc_set_deriv_L;844;849;
1692315390;1692316272;L;18-08-23;dsc_set_L;dsc_set_all_prc_L;826;904;
1692316295;1692317177;L;18-08-23;dsc_set_L;dsc_set_all_prc_L;906;984;
1692318772;1692318862;L;18-08-23;dsc_set_L;dsc_set_deriv_L;1125;1133;
1692318896;1692319269;L;18-08-23;dsc_set_L;dsc_set_deriv_L;1136;1169;
1692319302;1692319314;L;18-08-23;dsc_set_L;dsc_set_deriv_L;1172;1173;
1692319505;1692319516;L;18-08-23;dsc_set_L;dsc_set_deriv_L;1190;1191;
1692319347;1692320295;L;18-08-23;dsc_set_L;dsc_set_all_prc_L;1176;1260;
1692321108;1692322036;L;18-08-23;dsc_set_L;dsc_set_all_prc_L;1332;1414;
1692322070;1692322444;L;18-08-23;dsc_set_L;dsc_set_all_prc_L;1417;1450;
1692322500;1692322534;L;18-08-23;dsc_set_L;dsc_set_all_prc_L;1455;1458;
1692322557;1692323065;L;18-08-23;dsc_set_L;dsc_set_all_prc_L;1460;1505;
1692323800;1692323811;L;18-08-23;dsc_set_L;dsc_set_all_prc_L;1570;1571;
1692323834;1692324071;L;18-08-23;dsc_set_L;dsc_set_all_prc_L;1573;1594;
1692325951;1692326312;L;18-08-23;dsc_set_L;dsc_set_deriv_L;1760;1792;
1692327272;1692327329;L;18-08-23;dsc_set_L;dsc_set_up_cnt_L;1877;1882;
1692327352;1692327386;L;18-08-23;dsc_set_L;dsc_set_up_cnt_L;1884;1887;
1692327408;1692327431;L;18-08-23;dsc_set_L;dsc_set_up_cnt_wz_L;1889;1891;
1692327397;1692327555;L;18-08-23;dsc_set_L;dsc_set_up_cnt_L;1888;1902;
1692327442;1692327555;L;18-08-23;dsc_set_L;dsc_set_up_cnt_wz_L;1892;1902;
1692326831;1692327918;L;18-08-23;dsc_set_L;dsc_set_event_L;1838;1934;
1692326063;1692329107;L;18-08-23;dsc_set_L;dsc_set_all_prc_L;1770;2039;
1692332792;1692332859;L;18-08-23;dsc_set_L;dsc_set_deriv_L;2365;2371;
1692333097;1692333379;L;18-08-23;dsc_set_L;dsc_set_deriv_L;2392;2417;
1692333447;1692333673;L;18-08-23;dsc_set_L;dsc_set_deriv_L;2423;2443;
1692333153;1692334914;L;18-08-23;dsc_set_L;dsc_set_all_prc_L;2397;2553;
1692338181;1692338203;L;18-08-23;dsc_set_L;dsc_set_deriv_L;2842;2844;
1692340219;1692340525;L;18-08-23;dsc_set_L;dsc_set_deriv_L;3022;3049;
1692340536;1692340604;L;18-08-23;dsc_set_L;dsc_set_deriv_L;3050;3056;
1692342899;1692343229;L;18-08-23;dsc_set_L;dsc_set_all_prc_L;3259;3288;
1692344154;1692344188;L;18-08-23;dsc_set_L;dsc_set_all_prc_L;3369;3372;
1692347101;1692348622;L;18-08-23;dsc_set_L;dsc_set_all_prc_L;3629;3763;
1692348690;1692348735;L;18-08-23;dsc_set_L;dsc_set_all_prc_L;3769;3773;
1692351429;1692351520;L;18-08-23;dsc_set_L;dsc_set_all_prc_L;4011;4019;
1692352506;1692353187;L;18-08-23;dsc_set_L;dsc_set_event_L;4106;4166;
1692351588;1692353763;L;18-08-23;dsc_set_L;dsc_set_all_prc_L;4025;4216;
1692353820;1692353888;L;18-08-23;dsc_set_L;dsc_set_all_prc_L;4221;4227;
1692353978;1692354147;L;18-08-23;dsc_set_L;dsc_set_all_prc_L;4234;4248;
1692354182;1692354216;L;18-08-23;dsc_set_L;dsc_set_all_prc_L;4251;4254;
1692354618;1692354710;L;18-08-23;dsc_set_L;dsc_set_all_prc_L;4289;4297;
1692358110;1692358893;L;18-08-23;dsc_set_L;dsc_set_all_prc_L;4589;4656;
1692360442;1692361005;L;18-08-23;dsc_set_L;dsc_set_deriv_L;4786;4833;
1692361030;1692361129;L;18-08-23;dsc_set_L;dsc_set_deriv_L;4835;4843;
1692361595;1692361607;L;18-08-23;dsc_set_L;dsc_set_up_cnt_L;4881;4882;
1692361619;1692361631;L;18-08-23;dsc_set_L;dsc_set_up_cnt_L;4883;4884;
1692361643;1692361693;L;18-08-23;dsc_set_L;dsc_set_up_cnt_L;4885;4889;
1692361667;1692361693;L;18-08-23;dsc_set_L;dsc_set_up_cnt_wz_L;4887;4889;
1692361583;1692362090;L;18-08-23;dsc_set_L;dsc_set_event_L;4880;4922;
1692361043;1692362268;L;18-08-23;dsc_set_L;dsc_set_all_prc_L;4836;4937;
1692362898;1692362949;L;18-08-23;dsc_set_L;dsc_set_all_prc_L;4991;4995;
1692362996;1692363055;L;18-08-23;dsc_set_L;dsc_set_all_prc_L;4999;5004;
1692363457;1692363753;L;18-08-23;dsc_set_L;dsc_set_all_prc_L;5038;5063;
1692364350;1692364771;L;18-08-23;dsc_set_L;dsc_set_event_L;5114;5150;
1692363881;1692364911;L;18-08-23;dsc_set_L;dsc_set_all_prc_L;5074;5162;
1692364934;1692365523;L;18-08-23;dsc_set_L;dsc_set_all_prc_L;5164;5213;
1692367401;1692367641;L;18-08-23;dsc_set_L;dsc_set_deriv_L;5370;5391;
1692367766;1692367869;L;18-08-23;dsc_set_L;dsc_set_all_prc_L;5402;5411;
1692367858;1692367869;L;18-08-23;dsc_set_L;dsc_set_deriv_L;5410;5411;
1692367994;1692369185;L;18-08-23;dsc_set_L;dsc_set_all_prc_L;5422;5526;
1692370832;1692370855;L;18-08-23;dsc_set_L;dsc_set_deriv_L;5669;5671;
1692370970;1692371281;L;18-08-23;dsc_set_L;dsc_set_deriv_L;5681;5708;
1692370525;1692371429;L;18-08-23;dsc_set_L;dsc_set_all_prc_L;5642;5721;
1692372995;1692373132;L;18-08-23;dsc_set_L;dsc_set_deriv_L;5858;5870;
1692373167;1692373394;L;18-08-23;dsc_set_L;dsc_set_deriv_L;5873;5893;
1692373407;1692373419;L;18-08-23;dsc_set_L;dsc_set_all_prc_L;5894;5895;
1692373442;1692373523;L;18-08-23;dsc_set_L;dsc_set_all_prc_L;5897;5904;
1692373534;1692373545;L;18-08-23;dsc_set_L;dsc_set_all_prc_L;5905;5906;
1692373557;1692374760;L;18-08-23;dsc_set_L;dsc_set_all_prc_L;5907;6012;
1692376418;1692376522;L;18-08-23;dsc_set_L;dsc_set_all_prc_L;6157;6166;
1692376683;1692377268;L;18-08-23;dsc_set_L;dsc_set_all_prc_L;6180;6231;
1692377977;1692377989;L;18-08-23;dsc_set_L;dsc_set_up_cnt_L;6293;6294;
1692378000;1692378023;L;18-08-23;dsc_set_L;dsc_set_up_cnt_L;6295;6297;
1692378035;1692378046;L;18-08-23;dsc_set_L;dsc_set_up_cnt_L;6298;6299;
1692378114;1692378126;L;18-08-23;dsc_set_L;dsc_set_up_cnt_L;6305;6306;
1692378137;1692378194;L;18-08-23;dsc_set_L;dsc_set_up_cnt_L;6307;6312;
1692378344;1692378377;L;18-08-23;dsc_set_L;dsc_set_up_cnt_wz_L;6325;6328;
1692378469;1692378480;L;18-08-23;dsc_set_L;dsc_set_deriv_L;6336;6337;
1692378287;1692378492;L;18-08-23;dsc_set_L;dsc_set_up_cnt_L;6320;6338;
1692378503;1692378811;L;18-08-23;dsc_set_L;dsc_set_up_cnt_wz_L;6339;6366;
1692378492;1692378857;L;18-08-23;dsc_set_L;dsc_set_deriv_L;6338;6370;
1692378503;1692378868;L;18-08-23;dsc_set_L;dsc_set_up_cnt_L;6339;6371;
1692378822;1692378868;L;18-08-23;dsc_set_L;dsc_set_up_cnt_wz_L;6367;6371;
1692377781;1692379419;L;18-08-23;dsc_set_L;dsc_set_all_prc_L;6276;6419;
1692379501;1692379535;L;18-08-23;dsc_set_L;dsc_set_all_prc_L;6426;6429;
1692379593;1692379743;L;18-08-23;dsc_set_L;dsc_set_all_prc_L;6434;6447;
1692381364;1692381410;L;18-08-23;dsc_set_L;dsc_set_deriv_L;6589;6593;
1692381444;1692381890;L;18-08-23;dsc_set_L;dsc_set_deriv_L;6596;6635;
1692381935;1692382459;L;18-08-23;dsc_set_L;dsc_set_deriv_L;6639;6685;
1692382402;1692383350;L;18-08-23;dsc_set_L;dsc_set_all_prc_L;6680;6763;
1692385398;1692385971;L;18-08-23;dsc_set_L;dsc_set_deriv_L;6942;6992;
1692385994;1692386028;L;18-08-23;dsc_set_L;dsc_set_deriv_L;6994;6997;
1692386063;1692386074;L;18-08-23;dsc_set_L;dsc_set_deriv_L;7000;7001;
1692385959;1692388161;L;18-08-23;dsc_set_L;dsc_set_all_prc_L;6991;7183;
1692388195;1692388206;L;18-08-23;dsc_set_L;dsc_set_all_prc_L;7186;7187;
1692387071;1692388241;L;18-08-23;dsc_set_L;dsc_set_event_L;7088;7190;
1692388642;1692388700;L;18-08-23;dsc_set_L;dsc_set_all_prc_L;7225;7230;
1692389236;1692389305;L;18-08-23;dsc_set_L;dsc_set_all_prc_L;7277;7283;
1692306008;1692306042;S;18-08-23;asc_buy_S;asc_buy_all_prc_S;0;3;
1692306008;1692306042;S;18-08-23;asc_buy_S;asc_buy_up_cnt_wz_S;0;3;
1692306111;1692306134;S;18-08-23;asc_buy_S;asc_buy_all_prc_S;9;11;
1692306008;1692306169;S;18-08-23;asc_buy_S;asc_buy_event_S;0;14;
1692306476;1692306612;S;18-08-23;asc_buy_S;asc_buy_all_prc_S;41;53;
1692306964;1692306975;S;18-08-23;asc_buy_S;asc_buy_up_cnt_S;84;85;
1692306986;1692307077;S;18-08-23;asc_buy_S;asc_buy_up_cnt_S;86;94;
1692307089;1692307123;S;18-08-23;asc_buy_S;asc_buy_up_cnt_S;95;98;
1692306839;1692307148;S;18-08-23;asc_buy_S;asc_buy_up_cnt_wz_S;73;100;
1692307159;1692307193;S;18-08-23;asc_buy_S;asc_buy_up_cnt_wz_S;101;104;
1692306691;1692307273;S;18-08-23;asc_buy_S;asc_buy_all_prc_S;60;111;
1692307693;1692307866;S;18-08-23;asc_buy_S;asc_buy_all_prc_S;148;163;
1692307946;1692307969;S;18-08-23;asc_buy_S;asc_buy_up_cnt_wz_S;170;172;
1692308221;1692308279;S;18-08-23;asc_buy_S;asc_buy_up_cnt_S;194;199;
1692308428;1692308911;S;18-08-23;asc_buy_S;asc_buy_ALL_S;212;254;
1692308267;1692308911;S;18-08-23;asc_buy_S;asc_buy_deriv_S;198;254;
1692308290;1692308933;S;18-08-23;asc_buy_S;asc_buy_up_cnt_S;200;256;
1692307889;1692308956;S;18-08-23;asc_buy_S;asc_buy_all_prc_S;165;258;
1692308141;1692308991;S;18-08-23;asc_buy_S;asc_buy_up_cnt_wz_S;187;261;
1692308428;1692309047;S;18-08-23;asc_buy_S;asc_buy_event_S;212;266;
1692309308;1692309353;S;18-08-23;asc_buy_S;asc_buy_up_cnt_wz_S;289;293;
1692310443;1692310499;S;18-08-23;asc_buy_S;asc_buy_up_cnt_wz_S;389;394;
1692310533;1692310544;S;18-08-23;asc_buy_S;asc_buy_up_cnt_wz_S;397;398;
1692315050;1692315084;S;18-08-23;asc_buy_S;asc_buy_deriv_S;796;799;
1692315379;1692315401;S;18-08-23;asc_buy_S;asc_buy_up_cnt_wz_S;825;827;
1692315299;1692315616;S;18-08-23;asc_buy_S;asc_buy_deriv_S;818;846;
1692315436;1692315707;S;18-08-23;asc_buy_S;asc_buy_event_S;830;854;
1692317098;1692317109;S;18-08-23;asc_buy_S;asc_buy_up_cnt_wz_S;977;978;
1692316521;1692317200;S;18-08-23;asc_buy_S;asc_buy_event_S;926;986;
1692321131;1692321199;S;18-08-23;asc_buy_S;asc_buy_up_cnt_wz_S;1334;1340;
1692321278;1692321301;S;18-08-23;asc_buy_S;asc_buy_up_cnt_wz_S;1347;1349;
1692321312;1692321459;S;18-08-23;asc_buy_S;asc_buy_up_cnt_wz_S;1350;1363;
1692321346;1692321910;S;18-08-23;asc_buy_S;asc_buy_all_prc_S;1353;1403;
1692321922;1692321944;S;18-08-23;asc_buy_S;asc_buy_all_prc_S;1404;1406;
1692321538;1692322013;S;18-08-23;asc_buy_S;asc_buy_event_S;1370;1412;
1692322839;1692322941;S;18-08-23;asc_buy_S;asc_buy_all_prc_S;1485;1494;
1692322896;1692322963;S;18-08-23;asc_buy_S;asc_buy_event_S;1490;1496;
1692323426;1692323506;S;18-08-23;asc_buy_S;asc_buy_all_prc_S;1537;1544;
1692323574;1692323608;S;18-08-23;asc_buy_S;asc_buy_all_prc_S;1550;1553;
1692323631;1692323744;S;18-08-23;asc_buy_S;asc_buy_all_prc_S;1555;1565;
1692323778;1692324094;S;18-08-23;asc_buy_S;asc_buy_all_prc_S;1568;1596;
1692326188;1692326233;S;18-08-23;asc_buy_S;asc_buy_up_cnt_wz_S;1781;1785;
1692326324;1692326380;S;18-08-23;asc_buy_S;asc_buy_deriv_S;1793;1798;
1692326301;1692326391;S;18-08-23;asc_buy_S;asc_buy_up_cnt_wz_S;1791;1799;
1692326515;1692326865;S;18-08-23;asc_buy_S;asc_buy_up_cnt_wz_S;1810;1841;
1692326052;1692327057;S;18-08-23;asc_buy_S;asc_buy_all_prc_S;1769;1858;
1692327454;1692327624;S;18-08-23;asc_buy_S;asc_buy_up_cnt_S;1893;1908;
1692327635;1692327748;S;18-08-23;asc_buy_S;asc_buy_up_cnt_S;1909;1919;
1692327397;1692327748;S;18-08-23;asc_buy_S;asc_buy_up_cnt_wz_S;1888;1919;
1692327760;1692327782;S;18-08-23;asc_buy_S;asc_buy_up_cnt_wz_S;1920;1922;
1692327238;1692327895;S;18-08-23;asc_buy_S;asc_buy_all_prc_S;1874;1932;
1692326493;1692328124;S;18-08-23;asc_buy_S;asc_buy_event_S;1808;1952;
1692328226;1692328305;S;18-08-23;asc_buy_S;asc_buy_all_prc_S;1961;1968;
1692328384;1692328791;S;18-08-23;asc_buy_S;asc_buy_all_prc_S;1975;2011;
1692332792;1692333119;S;18-08-23;asc_buy_S;asc_buy_deriv_S;2365;2394;
1692333402;1692333424;S;18-08-23;asc_buy_S;asc_buy_deriv_S;2419;2421;
1692333435;1692333583;S;18-08-23;asc_buy_S;asc_buy_up_cnt_wz_S;2422;2435;
1692333594;1692333650;S;18-08-23;asc_buy_S;asc_buy_up_cnt_wz_S;2436;2441;
1692333662;1692333673;S;18-08-23;asc_buy_S;asc_buy_up_cnt_wz_S;2442;2443;
1692333696;1692333752;S;18-08-23;asc_buy_S;asc_buy_up_cnt_wz_S;2445;2450;
1692333458;1692333774;S;18-08-23;asc_buy_S;asc_buy_all_prc_S;2424;2452;
1692333549;1692333955;S;18-08-23;asc_buy_S;asc_buy_event_S;2432;2468;
1692334282;1692334305;S;18-08-23;asc_buy_S;asc_buy_up_cnt_wz_S;2497;2499;
1692334068;1692334710;S;18-08-23;asc_buy_S;asc_buy_all_prc_S;2478;2535;
1692334361;1692334767;S;18-08-23;asc_buy_S;asc_buy_event_S;2504;2540;
1692347693;1692347727;S;18-08-23;asc_buy_S;asc_buy_deriv_S;3681;3684;
1692347739;1692347750;S;18-08-23;asc_buy_S;asc_buy_deriv_S;3685;3686;
1692347603;1692348271;S;18-08-23;asc_buy_S;asc_buy_all_prc_S;3673;3732;
1692348090;1692348362;S;18-08-23;asc_buy_S;asc_buy_event_S;3716;3740;
1692348555;1692348588;S;18-08-23;asc_buy_S;asc_buy_all_prc_S;3757;3760;
1692348622;1692348633;S;18-08-23;asc_buy_S;asc_buy_all_prc_S;3763;3764;
1692348724;1692348735;S;18-08-23;asc_buy_S;asc_buy_all_prc_S;3772;3773;
1692351293;1692351713;S;18-08-23;asc_buy_S;asc_buy_all_prc_S;3999;4036;
1692352154;1692352222;S;18-08-23;asc_buy_S;asc_buy_up_cnt_wz_S;4075;4081;
1692352245;1692352279;S;18-08-23;asc_buy_S;asc_buy_up_cnt_wz_S;4083;4086;
1692351973;1692352574;S;18-08-23;asc_buy_S;asc_buy_all_prc_S;4059;4112;
1692352607;1692353004;S;18-08-23;asc_buy_S;asc_buy_all_prc_S;4115;4150;
1692353039;1692353084;S;18-08-23;asc_buy_S;asc_buy_all_prc_S;4153;4157;
1692353381;1692353957;S;18-08-23;asc_buy_S;asc_buy_all_prc_S;4183;4233;
1692354042;1692354078;S;18-08-23;asc_buy_S;asc_buy_all_prc_S;4239;4242;
1692351554;1692354170;S;18-08-23;asc_buy_S;asc_buy_event_S;4022;4250;
1692358192;1692358239;S;18-08-23;asc_buy_S;asc_buy_up_cnt_wz_S;4596;4600;
1692358262;1692358331;S;18-08-23;asc_buy_S;asc_buy_up_cnt_wz_S;4602;4608;
1692358366;1692358389;S;18-08-23;asc_buy_S;asc_buy_deriv_S;4611;4613;
1692358401;1692358810;S;18-08-23;asc_buy_S;asc_buy_all_prc_S;4614;4649;
1692361081;1692361093;S;18-08-23;asc_buy_S;asc_buy_up_cnt_wz_S;4839;4840;
1692361056;1692361140;S;18-08-23;asc_buy_S;asc_buy_deriv_S;4837;4844;
1692362054;1692362280;S;18-08-23;asc_buy_S;asc_buy_all_prc_S;4919;4938;
1692361435;1692362932;S;18-08-23;asc_buy_S;asc_buy_event_S;4868;4994;
1692363186;1692363281;S;18-08-23;asc_buy_S;asc_buy_all_prc_S;5015;5023;
1692363079;1692363293;S;18-08-23;asc_buy_S;asc_buy_event_S;5006;5024;
1692363304;1692363386;S;18-08-23;asc_buy_S;asc_buy_all_prc_S;5025;5032;
1692363635;1692363881;S;18-08-23;asc_buy_S;asc_buy_all_prc_S;5053;5074;
1692363916;1692363927;S;18-08-23;asc_buy_S;asc_buy_all_prc_S;5077;5078;
1692363858;1692363927;S;18-08-23;asc_buy_S;asc_buy_event_S;5072;5078;
1692363939;1692364315;S;18-08-23;asc_buy_S;asc_buy_all_prc_S;5079;5111;
1692364350;1692364373;S;18-08-23;asc_buy_S;asc_buy_up_cnt_wz_S;5114;5116;
1692364385;1692364396;S;18-08-23;asc_buy_S;asc_buy_up_cnt_wz_S;5117;5118;
1692364408;1692364572;S;18-08-23;asc_buy_S;asc_buy_up_cnt_wz_S;5119;5133;
1692364583;1692364595;S;18-08-23;asc_buy_S;asc_buy_up_cnt_wz_S;5134;5135;
1692364338;1692364689;S;18-08-23;asc_buy_S;asc_buy_all_prc_S;5113;5143;
1692364210;1692364771;S;18-08-23;asc_buy_S;asc_buy_event_S;5102;5150;
1692365256;1692365268;S;18-08-23;asc_buy_S;asc_buy_up_cnt_wz_S;5191;5192;
1692364934;1692365569;S;18-08-23;asc_buy_S;asc_buy_all_prc_S;5164;5217;
1692365594;1692365605;S;18-08-23;asc_buy_S;asc_buy_all_prc_S;5219;5220;
1692365343;1692365703;S;18-08-23;asc_buy_S;asc_buy_event_S;5198;5228;
1692368211;1692368563;S;18-08-23;asc_buy_S;asc_buy_up_cnt_wz_S;5441;5472;
1692368381;1692368575;S;18-08-23;asc_buy_S;asc_buy_all_prc_S;5456;5473;
1692368897;1692369150;S;18-08-23;asc_buy_S;asc_buy_all_prc_S;5501;5523;
1692368449;1692369276;S;18-08-23;asc_buy_S;asc_buy_event_S;5462;5534;
1692370548;1692370559;S;18-08-23;asc_buy_S;asc_buy_deriv_S;5644;5645;
1692370306;1692370867;S;18-08-23;asc_buy_S;asc_buy_all_prc_S;5623;5672;
1692370513;1692370878;S;18-08-23;asc_buy_S;asc_buy_up_cnt_wz_S;5641;5673;
1692370901;1692371083;S;18-08-23;asc_buy_S;asc_buy_all_prc_S;5675;5691;
1692373382;1692373394;S;18-08-23;asc_buy_S;asc_buy_up_cnt_wz_S;5892;5893;
1692373430;1692373442;S;18-08-23;asc_buy_S;asc_buy_up_cnt_wz_S;5896;5897;
1692373681;1692373704;S;18-08-23;asc_buy_S;asc_buy_up_cnt_wz_S;5918;5920;
1692373886;1692373955;S;18-08-23;asc_buy_S;asc_buy_deriv_S;5936;5942;
1692374001;1692374014;S;18-08-23;asc_buy_S;asc_buy_deriv_S;5946;5947;
1692373716;1692374072;S;18-08-23;asc_buy_S;asc_buy_up_cnt_wz_S;5921;5952;
1692374220;1692374234;S;18-08-23;asc_buy_S;asc_buy_up_cnt_S;5965;5966;
1692374394;1692374405;S;18-08-23;asc_buy_S;asc_buy_up_cnt_S;5980;5981;
1692373579;1692374632;S;18-08-23;asc_buy_S;asc_buy_all_prc_S;5909;6001;
1692373477;1692374851;S;18-08-23;asc_buy_S;asc_buy_event_S;5900;6020;
1692376109;1692376683;S;18-08-23;asc_buy_S;asc_buy_all_prc_S;6130;6180;
1692376775;1692377086;S;18-08-23;asc_buy_S;asc_buy_all_prc_S;6188;6215;
1692376980;1692377120;S;18-08-23;asc_buy_S;asc_buy_event_S;6206;6218;
1692377713;1692377747;S;18-08-23;asc_buy_S;asc_buy_all_prc_S;6270;6273;
1692378035;1692378298;S;18-08-23;asc_buy_S;asc_buy_deriv_S;6298;6321;
1692377977;1692378309;S;18-08-23;asc_buy_S;asc_buy_up_cnt_S;6293;6322;
1692377953;1692378344;S;18-08-23;asc_buy_S;asc_buy_up_cnt_wz_S;6291;6325;
1692377770;1692378412;S;18-08-23;asc_buy_S;asc_buy_all_prc_S;6275;6331;
1692378515;1692378583;S;18-08-23;asc_buy_S;asc_buy_up_cnt_S;6340;6346;
1692378640;1692378708;S;18-08-23;asc_buy_S;asc_buy_up_cnt_S;6351;6357;
1692378515;1692378720;S;18-08-23;asc_buy_S;asc_buy_deriv_S;6340;6358;
1692378731;1692378743;S;18-08-23;asc_buy_S;asc_buy_up_cnt_S;6359;6360;
1692378743;1692378765;S;18-08-23;asc_buy_S;asc_buy_deriv_S;6360;6362;
1692378754;1692378765;S;18-08-23;asc_buy_S;asc_buy_up_cnt_S;6361;6362;
1692378435;1692378845;S;18-08-23;asc_buy_S;asc_buy_all_prc_S;6333;6369;
1692378492;1692378857;S;18-08-23;asc_buy_S;asc_buy_up_cnt_wz_S;6338;6370;
1692378834;1692378903;S;18-08-23;asc_buy_S;asc_buy_event_S;6368;6374;
1692379303;1692379338;S;18-08-23;asc_buy_S;asc_buy_all_prc_S;6409;6412;
1692379349;1692379419;S;18-08-23;asc_buy_S;asc_buy_all_prc_S;6413;6419;
1692379419;1692379431;S;18-08-23;asc_buy_S;asc_buy_up_cnt_wz_S;6419;6420;
1692379477;1692379524;S;18-08-23;asc_buy_S;asc_buy_up_cnt_wz_S;6424;6428;
1692379547;1692379570;S;18-08-23;asc_buy_S;asc_buy_up_cnt_wz_S;6430;6432;
1692379501;1692379708;S;18-08-23;asc_buy_S;asc_buy_all_prc_S;6426;6444;
1692382676;1692382744;S;18-08-23;asc_buy_S;asc_buy_event_S;6704;6710;
1692387552;1692387564;S;18-08-23;asc_buy_S;asc_buy_up_cnt_wz_S;7130;7131;
1692387564;1692388149;S;18-08-23;asc_buy_S;asc_buy_all_prc_S;7131;7182;
1692386451;1692388378;S;18-08-23;asc_buy_S;asc_buy_event_S;7034;7202;
1692388458;1692388951;S;18-08-23;asc_buy_S;asc_buy_all_prc_S;7209;7252;
1692389042;1692389065;S;18-08-23;asc_buy_S;asc_buy_all_prc_S;7260;7262;
1692389168;1692389568;S;18-08-23;asc_buy_S;asc_buy_all_prc_S;7271;7306;
1692311224;1692311564;L;18-08-23;asc_buy_L;asc_buy_event_L;458;488;
1692311688;1692311733;L;18-08-23;asc_buy_L;asc_buy_deriv_L;499;503;
1692312765;1692312957;L;18-08-23;asc_buy_L;asc_buy_up_cnt_wz_L;594;611;
1692313376;1692313398;L;18-08-23;asc_buy_L;asc_buy_deriv_L;648;650;
1692313002;1692313999;L;18-08-23;asc_buy_L;asc_buy_all_prc_L;615;703;
1692312980;1692313999;L;18-08-23;asc_buy_L;asc_buy_up_cnt_wz_L;613;703;
1692314010;1692314022;L;18-08-23;asc_buy_L;asc_buy_up_cnt_wz_L;704;705;
1692314067;1692314362;L;18-08-23;asc_buy_L;asc_buy_up_cnt_wz_L;709;735;
1692314090;1692314384;L;18-08-23;asc_buy_L;asc_buy_all_prc_L;711;737;
1692313602;1692314554;L;18-08-23;asc_buy_L;asc_buy_event_L;668;752;
1692317313;1692317653;L;18-08-23;asc_buy_L;asc_buy_all_prc_L;996;1026;
1692317585;1692317653;L;18-08-23;asc_buy_L;asc_buy_deriv_L;1020;1026;
1692317188;1692317732;L;18-08-23;asc_buy_L;asc_buy_up_cnt_wz_L;985;1033;
1692317845;1692317913;L;18-08-23;asc_buy_L;asc_buy_up_cnt_wz_L;1043;1049;
1692320487;1692320498;L;18-08-23;asc_buy_L;asc_buy_up_cnt_wz_L;1277;1278;
1692323110;1692323155;L;18-08-23;asc_buy_L;asc_buy_up_cnt_wz_L;1509;1513;
1692323166;1692323234;L;18-08-23;asc_buy_L;asc_buy_up_cnt_wz_L;1514;1520;
1692323336;1692323358;L;18-08-23;asc_buy_L;asc_buy_up_cnt_wz_L;1529;1531;
1692323370;1692323381;L;18-08-23;asc_buy_L;asc_buy_up_cnt_wz_L;1532;1533;
1692324399;1692324422;L;18-08-23;asc_buy_L;asc_buy_up_cnt_wz_L;1623;1625;
1692324750;1692324761;L;18-08-23;asc_buy_L;asc_buy_up_cnt_wz_L;1654;1655;
1692324955;1692325137;L;18-08-23;asc_buy_L;asc_buy_deriv_L;1672;1688;
1692324933;1692325295;L;18-08-23;asc_buy_L;asc_buy_all_prc_L;1670;1702;
1692324773;1692325295;L;18-08-23;asc_buy_L;asc_buy_up_cnt_wz_L;1656;1702;
1692324933;1692325340;L;18-08-23;asc_buy_L;asc_buy_event_L;1670;1706;
1692329118;1692329367;L;18-08-23;asc_buy_L;asc_buy_deriv_L;2040;2062;
1692329639;1692329921;L;18-08-23;asc_buy_L;asc_buy_deriv_L;2086;2111;
1692329751;1692330158;L;18-08-23;asc_buy_L;asc_buy_event_L;2096;2132;
1692331119;1692331130;L;18-08-23;asc_buy_L;asc_buy_all_prc_L;2217;2218;
1692331278;1692331289;L;18-08-23;asc_buy_L;asc_buy_up_cnt_wz_L;2231;2232;
1692331300;1692331459;L;18-08-23;asc_buy_L;asc_buy_up_cnt_wz_L;2233;2247;
1692332103;1692332114;L;18-08-23;asc_buy_L;asc_buy_up_cnt_wz_L;2304;2305;
1692332137;1692332148;L;18-08-23;asc_buy_L;asc_buy_up_cnt_wz_L;2307;2308;
1692332193;1692332205;L;18-08-23;asc_buy_L;asc_buy_up_cnt_wz_L;2312;2313;
1692331164;1692332351;L;18-08-23;asc_buy_L;asc_buy_all_prc_L;2221;2326;
1692331922;1692332532;L;18-08-23;asc_buy_L;asc_buy_event_L;2288;2342;
1692332769;1692332780;L;18-08-23;asc_buy_L;asc_buy_all_prc_L;2363;2364;
1692332769;1692332780;L;18-08-23;asc_buy_L;asc_buy_up_cnt_wz_L;2363;2364;
1692334982;1692335185;L;18-08-23;asc_buy_L;asc_buy_up_cnt_wz_L;2559;2577;
1692335208;1692335230;L;18-08-23;asc_buy_L;asc_buy_up_cnt_wz_L;2579;2581;
1692336438;1692336450;L;18-08-23;asc_buy_L;asc_buy_up_cnt_wz_L;2688;2689;
1692336868;1692336992;L;18-08-23;asc_buy_L;asc_buy_deriv_L;2726;2737;
1692337095;1692337208;L;18-08-23;asc_buy_L;asc_buy_deriv_L;2746;2756;
1692336653;1692337355;L;18-08-23;asc_buy_L;asc_buy_up_cnt_wz_L;2707;2769;
1692336676;1692337378;L;18-08-23;asc_buy_L;asc_buy_all_prc_L;2709;2771;
1692336461;1692337615;L;18-08-23;asc_buy_L;asc_buy_event_L;2690;2792;
1692337638;1692337649;L;18-08-23;asc_buy_L;asc_buy_all_prc_L;2794;2795;
1692337672;1692337819;L;18-08-23;asc_buy_L;asc_buy_all_prc_L;2797;2810;
1692337683;1692337819;L;18-08-23;asc_buy_L;asc_buy_event_L;2798;2810;
1692338158;1692338192;L;18-08-23;asc_buy_L;asc_buy_up_cnt_wz_L;2840;2843;
1692338214;1692338237;L;18-08-23;asc_buy_L;asc_buy_up_cnt_wz_L;2845;2847;
1692338600;1692338940;L;18-08-23;asc_buy_L;asc_buy_up_cnt_L;2879;2909;
1692338974;1692339042;L;18-08-23;asc_buy_L;asc_buy_up_cnt_L;2912;2918;
1692339087;1692339099;L;18-08-23;asc_buy_L;asc_buy_up_cnt_L;2922;2923;
1692339133;1692339178;L;18-08-23;asc_buy_L;asc_buy_up_cnt_L;2926;2930;
1692339189;1692339223;L;18-08-23;asc_buy_L;asc_buy_up_cnt_L;2931;2934;
1692339280;1692339472;L;18-08-23;asc_buy_L;asc_buy_ALL_L;2939;2956;
1692339257;1692339472;L;18-08-23;asc_buy_L;asc_buy_up_cnt_L;2937;2956;
1692339483;1692339494;L;18-08-23;asc_buy_L;asc_buy_ALL_L;2957;2958;
1692339280;1692339494;L;18-08-23;asc_buy_L;asc_buy_deriv_L;2939;2958;
1692339483;1692339506;L;18-08-23;asc_buy_L;asc_buy_up_cnt_L;2957;2959;
1692339517;1692339528;L;18-08-23;asc_buy_L;asc_buy_deriv_L;2960;2961;
1692338373;1692339585;L;18-08-23;asc_buy_L;asc_buy_up_cnt_wz_L;2859;2966;
1692337864;1692339607;L;18-08-23;asc_buy_L;asc_buy_all_prc_L;2814;2968;
1692338022;1692339924;L;18-08-23;asc_buy_L;asc_buy_event_L;2828;2996;
1692340196;1692340287;L;18-08-23;asc_buy_L;asc_buy_up_cnt_wz_L;3020;3028;
1692340841;1692340852;L;18-08-23;asc_buy_L;asc_buy_up_cnt_L;3077;3078;
1692340875;1692340898;L;18-08-23;asc_buy_L;asc_buy_up_cnt_L;3080;3082;
1692341011;1692341090;L;18-08-23;asc_buy_L;asc_buy_up_cnt_L;3092;3099;
1692341101;1692341135;L;18-08-23;asc_buy_L;asc_buy_up_cnt_L;3100;3103;
1692341158;1692341169;L;18-08-23;asc_buy_L;asc_buy_up_cnt_L;3105;3106;
1692340423;1692341203;L;18-08-23;asc_buy_L;asc_buy_up_cnt_wz_L;3040;3109;
1692339958;1692341372;L;18-08-23;asc_buy_L;asc_buy_all_prc_L;2999;3124;
1692340264;1692341485;L;18-08-23;asc_buy_L;asc_buy_event_L;3026;3134;
1692342107;1692342186;L;18-08-23;asc_buy_L;asc_buy_up_cnt_wz_L;3189;3196;
1692342277;1692342333;L;18-08-23;asc_buy_L;asc_buy_all_prc_L;3204;3209;
1692342254;1692342333;L;18-08-23;asc_buy_L;asc_buy_up_cnt_wz_L;3202;3209;
1692342367;1692342435;L;18-08-23;asc_buy_L;asc_buy_all_prc_L;3212;3218;
1692342457;1692342503;L;18-08-23;asc_buy_L;asc_buy_all_prc_L;3220;3224;
1692342491;1692342503;L;18-08-23;asc_buy_L;asc_buy_up_cnt_wz_L;3223;3224;
1692342537;1692342548;L;18-08-23;asc_buy_L;asc_buy_up_cnt_wz_L;3227;3228;
1692342684;1692342696;L;18-08-23;asc_buy_L;asc_buy_all_prc_L;3240;3241;
1692343274;1692343285;L;18-08-23;asc_buy_L;asc_buy_up_cnt_wz_L;3292;3293;
1692343592;1692343848;L;18-08-23;asc_buy_L;asc_buy_all_prc_L;3320;3342;
1692344538;1692344549;L;18-08-23;asc_buy_L;asc_buy_up_cnt_wz_L;3403;3404;
1692344617;1692344663;L;18-08-23;asc_buy_L;asc_buy_all_prc_L;3410;3414;
1692344561;1692344731;L;18-08-23;asc_buy_L;asc_buy_up_cnt_wz_L;3405;3420;
1692344719;1692344742;L;18-08-23;asc_buy_L;asc_buy_all_prc_L;3419;3421;
1692344799;1692344833;L;18-08-23;asc_buy_L;asc_buy_all_prc_L;3426;3429;
1692344855;1692344935;L;18-08-23;asc_buy_L;asc_buy_all_prc_L;3431;3438;
1692344991;1692345002;L;18-08-23;asc_buy_L;asc_buy_all_prc_L;3443;3444;
1692345025;1692345116;L;18-08-23;asc_buy_L;asc_buy_all_prc_L;3446;3454;
1692345082;1692345547;L;18-08-23;asc_buy_L;asc_buy_up_cnt_wz_L;3451;3492;
1692345252;1692345570;L;18-08-23;asc_buy_L;asc_buy_all_prc_L;3466;3494;
1692345888;1692346093;L;18-08-23;asc_buy_L;asc_buy_all_prc_L;3522;3540;
1692346285;1692346319;L;18-08-23;asc_buy_L;asc_buy_all_prc_L;3557;3560;
1692346353;1692346546;L;18-08-23;asc_buy_L;asc_buy_all_prc_L;3563;3580;
1692346523;1692346592;L;18-08-23;asc_buy_L;asc_buy_event_L;3578;3584;
1692348883;1692349098;L;18-08-23;asc_buy_L;asc_buy_up_cnt_wz_L;3786;3805;
1692349890;1692349924;L;18-08-23;asc_buy_L;asc_buy_all_prc_L;3875;3878;
1692349935;1692349946;L;18-08-23;asc_buy_L;asc_buy_up_cnt_wz_L;3879;3880;
1692350003;1692350014;L;18-08-23;asc_buy_L;asc_buy_up_cnt_wz_L;3885;3886;
1692349924;1692350466;L;18-08-23;asc_buy_L;asc_buy_event_L;3878;3926;
1692351191;1692351203;L;18-08-23;asc_buy_L;asc_buy_all_prc_L;3990;3991;
1692356556;1692356602;L;18-08-23;asc_buy_L;asc_buy_all_prc_L;4457;4461;
1692356637;1692356747;L;18-08-23;asc_buy_L;asc_buy_all_prc_L;4464;4473;
1692356770;1692356828;L;18-08-23;asc_buy_L;asc_buy_all_prc_L;4475;4480;
1692356840;1692356876;L;18-08-23;asc_buy_L;asc_buy_all_prc_L;4481;4484;
1692356981;1692357124;L;18-08-23;asc_buy_L;asc_buy_all_prc_L;4493;4505;
1692357147;1692357606;L;18-08-23;asc_buy_L;asc_buy_all_prc_L;4507;4546;
1692357582;1692357652;L;18-08-23;asc_buy_L;asc_buy_event_L;4544;4550;
1692357946;1692358050;L;18-08-23;asc_buy_L;asc_buy_all_prc_L;4575;4584;
1692358904;1692359276;L;18-08-23;asc_buy_L;asc_buy_up_cnt_wz_L;4657;4689;
1692359564;1692359576;L;18-08-23;asc_buy_L;asc_buy_up_cnt_L;4713;4714;
1692359516;1692359707;L;18-08-23;asc_buy_L;asc_buy_up_cnt_wz_L;4709;4725;
1692359719;1692359731;L;18-08-23;asc_buy_L;asc_buy_up_cnt_wz_L;4726;4727;
1692358893;1692359909;L;18-08-23;asc_buy_L;asc_buy_all_prc_L;4656;4742;
1692365834;1692366102;L;18-08-23;asc_buy_L;asc_buy_up_cnt_wz_L;5239;5261;
1692365896;1692366114;L;18-08-23;asc_buy_L;asc_buy_all_prc_L;5244;5262;
1692366149;1692366161;L;18-08-23;asc_buy_L;asc_buy_all_prc_L;5265;5266;
1692366149;1692366161;L;18-08-23;asc_buy_L;asc_buy_deriv_L;5265;5266;
1692366487;1692366662;L;18-08-23;asc_buy_L;asc_buy_deriv_L;5293;5307;
1692366674;1692366698;L;18-08-23;asc_buy_L;asc_buy_deriv_L;5308;5310;
1692366401;1692366760;L;18-08-23;asc_buy_L;asc_buy_up_cnt_wz_L;5286;5315;
1692366389;1692366772;L;18-08-23;asc_buy_L;asc_buy_all_prc_L;5285;5316;
1692366650;1692366796;L;18-08-23;asc_buy_L;asc_buy_event_L;5306;5318;
1692367584;1692367595;L;18-08-23;asc_buy_L;asc_buy_up_cnt_wz_L;5386;5387;
1692369809;1692369928;L;18-08-23;asc_buy_L;asc_buy_all_prc_L;5580;5590;
1692371531;1692371577;L;18-08-23;asc_buy_L;asc_buy_up_cnt_wz_L;5730;5734;
1692371599;1692371611;L;18-08-23;asc_buy_L;asc_buy_up_cnt_wz_L;5736;5737;
1692371656;1692371668;L;18-08-23;asc_buy_L;asc_buy_up_cnt_wz_L;5741;5742;
1692371679;1692372001;L;18-08-23;asc_buy_L;asc_buy_up_cnt_wz_L;5743;5771;
1692372035;1692372046;L;18-08-23;asc_buy_L;asc_buy_up_cnt_wz_L;5774;5775;
1692371839;1692372206;L;18-08-23;asc_buy_L;asc_buy_all_prc_L;5757;5789;
1692375135;1692375192;L;18-08-23;asc_buy_L;asc_buy_up_cnt_wz_L;6045;6050;
1692375203;1692375411;L;18-08-23;asc_buy_L;asc_buy_up_cnt_wz_L;6051;6069;
1692375169;1692375481;L;18-08-23;asc_buy_L;asc_buy_all_prc_L;6048;6075;
1692377942;1692377953;L;18-08-23;asc_buy_L;asc_buy_up_cnt_wz_L;6290;6291;
1692380063;1692380132;L;18-08-23;asc_buy_L;asc_buy_deriv_L;6475;6481;
1692380143;1692380188;L;18-08-23;asc_buy_L;asc_buy_deriv_L;6482;6486;
1692380349;1692380566;L;18-08-23;asc_buy_L;asc_buy_deriv_L;6500;6519;
1692380657;1692380668;L;18-08-23;asc_buy_L;asc_buy_deriv_L;6527;6528;
1692380406;1692380749;L;18-08-23;asc_buy_L;asc_buy_all_prc_L;6505;6535;
1692380349;1692380749;L;18-08-23;asc_buy_L;asc_buy_up_cnt_wz_L;6500;6535;
1692380783;1692380839;L;18-08-23;asc_buy_L;asc_buy_all_prc_L;6538;6543;
1692380976;1692381010;L;18-08-23;asc_buy_L;asc_buy_up_cnt_wz_L;6555;6558;
1692381079;1692381101;L;18-08-23;asc_buy_L;asc_buy_up_cnt_wz_L;6564;6566;
1692381113;1692381295;L;18-08-23;asc_buy_L;asc_buy_up_cnt_wz_L;6567;6583;
1692380874;1692381421;L;18-08-23;asc_buy_L;asc_buy_all_prc_L;6546;6594;
1692380965;1692381513;L;18-08-23;asc_buy_L;asc_buy_event_L;6554;6602;
1692381559;1692381570;L;18-08-23;asc_buy_L;asc_buy_all_prc_L;6606;6607;
1692381581;1692381593;L;18-08-23;asc_buy_L;asc_buy_all_prc_L;6608;6609;
1692383853;1692383864;L;18-08-23;asc_buy_L;asc_buy_up_cnt_wz_L;6807;6808;
1692383876;1692384253;L;18-08-23;asc_buy_L;asc_buy_up_cnt_wz_L;6809;6842;
1692384265;1692384276;L;18-08-23;asc_buy_L;asc_buy_up_cnt_L;6843;6844;
1692383899;1692384356;L;18-08-23;asc_buy_L;asc_buy_all_prc_L;6811;6851;
1692384482;1692384493;L;18-08-23;asc_buy_L;asc_buy_all_prc_L;6862;6863;
1692384733;1692384790;L;18-08-23;asc_buy_L;asc_buy_ALL_L;6884;6889;
1692384573;1692384790;L;18-08-23;asc_buy_L;asc_buy_deriv_L;6870;6889;
1692384619;1692384859;L;18-08-23;asc_buy_L;asc_buy_up_cnt_L;6874;6895;
1692384527;1692384870;L;18-08-23;asc_buy_L;asc_buy_up_cnt_wz_L;6866;6896;
1692384516;1692384939;L;18-08-23;asc_buy_L;asc_buy_all_prc_L;6865;6902;
1692384733;1692384939;L;18-08-23;asc_buy_L;asc_buy_event_L;6884;6902;
1692390487;1692390521;L;18-08-23;asc_buy_L;asc_buy_deriv_L;7386;7389;
1692390590;1692390635;L;18-08-23;asc_buy_L;asc_buy_deriv_L;7395;7399;
1692390613;1692390682;L;18-08-23;asc_buy_L;asc_buy_up_cnt_wz_L;7397;7403;
1692390773;1692390934;L;18-08-23;asc_buy_L;asc_buy_up_cnt_wz_L;7411;7425;
1692390945;1692390957;L;18-08-23;asc_buy_L;asc_buy_up_cnt_L;7426;7427;
1692390429;1692391196;L;18-08-23;asc_buy_L;asc_buy_all_prc_L;7381;7448;
1692390165;1692391402;L;18-08-23;asc_buy_L;asc_buy_event_L;7358;7466;
1692311224;1692311564;L;18-08-23;dsc_buy_L;dsc_buy_event_L;458;488;
1692311688;1692311733;L;18-08-23;dsc_buy_L;dsc_buy_deriv_L;499;503;
1692312765;1692312957;L;18-08-23;dsc_buy_L;dsc_buy_up_cnt_wz_L;594;611;
1692313376;1692313398;L;18-08-23;dsc_buy_L;dsc_buy_deriv_L;648;650;
1692313002;1692313999;L;18-08-23;dsc_buy_L;dsc_buy_all_prc_L;615;703;
1692312980;1692313999;L;18-08-23;dsc_buy_L;dsc_buy_up_cnt_wz_L;613;703;
1692314010;1692314022;L;18-08-23;dsc_buy_L;dsc_buy_up_cnt_wz_L;704;705;
1692314067;1692314362;L;18-08-23;dsc_buy_L;dsc_buy_up_cnt_wz_L;709;735;
1692314090;1692314384;L;18-08-23;dsc_buy_L;dsc_buy_all_prc_L;711;737;
1692313602;1692314554;L;18-08-23;dsc_buy_L;dsc_buy_event_L;668;752;
1692317313;1692317653;L;18-08-23;dsc_buy_L;dsc_buy_all_prc_L;996;1026;
1692317585;1692317653;L;18-08-23;dsc_buy_L;dsc_buy_deriv_L;1020;1026;
1692317188;1692317732;L;18-08-23;dsc_buy_L;dsc_buy_up_cnt_wz_L;985;1033;
1692317845;1692317913;L;18-08-23;dsc_buy_L;dsc_buy_up_cnt_wz_L;1043;1049;
1692320487;1692320498;L;18-08-23;dsc_buy_L;dsc_buy_up_cnt_wz_L;1277;1278;
1692323110;1692323155;L;18-08-23;dsc_buy_L;dsc_buy_up_cnt_wz_L;1509;1513;
1692323166;1692323234;L;18-08-23;dsc_buy_L;dsc_buy_up_cnt_wz_L;1514;1520;
1692323336;1692323358;L;18-08-23;dsc_buy_L;dsc_buy_up_cnt_wz_L;1529;1531;
1692323370;1692323381;L;18-08-23;dsc_buy_L;dsc_buy_up_cnt_wz_L;1532;1533;
1692324399;1692324422;L;18-08-23;dsc_buy_L;dsc_buy_up_cnt_wz_L;1623;1625;
1692324750;1692324761;L;18-08-23;dsc_buy_L;dsc_buy_up_cnt_wz_L;1654;1655;
1692324955;1692325137;L;18-08-23;dsc_buy_L;dsc_buy_deriv_L;1672;1688;
1692324933;1692325295;L;18-08-23;dsc_buy_L;dsc_buy_all_prc_L;1670;1702;
1692324773;1692325295;L;18-08-23;dsc_buy_L;dsc_buy_up_cnt_wz_L;1656;1702;
1692324933;1692325340;L;18-08-23;dsc_buy_L;dsc_buy_event_L;1670;1706;
1692329118;1692329367;L;18-08-23;dsc_buy_L;dsc_buy_deriv_L;2040;2062;
1692329639;1692329921;L;18-08-23;dsc_buy_L;dsc_buy_deriv_L;2086;2111;
1692329751;1692330158;L;18-08-23;dsc_buy_L;dsc_buy_event_L;2096;2132;
1692331119;1692331130;L;18-08-23;dsc_buy_L;dsc_buy_all_prc_L;2217;2218;
1692331278;1692331289;L;18-08-23;dsc_buy_L;dsc_buy_up_cnt_wz_L;2231;2232;
1692331300;1692331459;L;18-08-23;dsc_buy_L;dsc_buy_up_cnt_wz_L;2233;2247;
1692332103;1692332114;L;18-08-23;dsc_buy_L;dsc_buy_up_cnt_wz_L;2304;2305;
1692332137;1692332148;L;18-08-23;dsc_buy_L;dsc_buy_up_cnt_wz_L;2307;2308;
1692332193;1692332205;L;18-08-23;dsc_buy_L;dsc_buy_up_cnt_wz_L;2312;2313;
1692331164;1692332351;L;18-08-23;dsc_buy_L;dsc_buy_all_prc_L;2221;2326;
1692331922;1692332532;L;18-08-23;dsc_buy_L;dsc_buy_event_L;2288;2342;
1692332769;1692332780;L;18-08-23;dsc_buy_L;dsc_buy_all_prc_L;2363;2364;
1692332769;1692332780;L;18-08-23;dsc_buy_L;dsc_buy_up_cnt_wz_L;2363;2364;
1692334982;1692335185;L;18-08-23;dsc_buy_L;dsc_buy_up_cnt_wz_L;2559;2577;
1692335208;1692335230;L;18-08-23;dsc_buy_L;dsc_buy_up_cnt_wz_L;2579;2581;
1692336438;1692336450;L;18-08-23;dsc_buy_L;dsc_buy_up_cnt_wz_L;2688;2689;
1692336868;1692336992;L;18-08-23;dsc_buy_L;dsc_buy_deriv_L;2726;2737;
1692337095;1692337208;L;18-08-23;dsc_buy_L;dsc_buy_deriv_L;2746;2756;
1692336653;1692337355;L;18-08-23;dsc_buy_L;dsc_buy_up_cnt_wz_L;2707;2769;
1692336676;1692337378;L;18-08-23;dsc_buy_L;dsc_buy_all_prc_L;2709;2771;
1692336461;1692337615;L;18-08-23;dsc_buy_L;dsc_buy_event_L;2690;2792;
1692337638;1692337649;L;18-08-23;dsc_buy_L;dsc_buy_all_prc_L;2794;2795;
1692337672;1692337819;L;18-08-23;dsc_buy_L;dsc_buy_all_prc_L;2797;2810;
1692337683;1692337819;L;18-08-23;dsc_buy_L;dsc_buy_event_L;2798;2810;
1692338158;1692338192;L;18-08-23;dsc_buy_L;dsc_buy_up_cnt_wz_L;2840;2843;
1692338214;1692338237;L;18-08-23;dsc_buy_L;dsc_buy_up_cnt_wz_L;2845;2847;
1692338600;1692338940;L;18-08-23;dsc_buy_L;dsc_buy_up_cnt_L;2879;2909;
1692338974;1692339042;L;18-08-23;dsc_buy_L;dsc_buy_up_cnt_L;2912;2918;
1692339087;1692339099;L;18-08-23;dsc_buy_L;dsc_buy_up_cnt_L;2922;2923;
1692339133;1692339178;L;18-08-23;dsc_buy_L;dsc_buy_up_cnt_L;2926;2930;
1692339189;1692339223;L;18-08-23;dsc_buy_L;dsc_buy_up_cnt_L;2931;2934;
1692339280;1692339472;L;18-08-23;dsc_buy_L;dsc_buy_ALL_L;2939;2956;
1692339257;1692339472;L;18-08-23;dsc_buy_L;dsc_buy_up_cnt_L;2937;2956;
1692339483;1692339494;L;18-08-23;dsc_buy_L;dsc_buy_ALL_L;2957;2958;
1692339280;1692339494;L;18-08-23;dsc_buy_L;dsc_buy_deriv_L;2939;2958;
1692339483;1692339506;L;18-08-23;dsc_buy_L;dsc_buy_up_cnt_L;2957;2959;
1692339517;1692339528;L;18-08-23;dsc_buy_L;dsc_buy_deriv_L;2960;2961;
1692338373;1692339585;L;18-08-23;dsc_buy_L;dsc_buy_up_cnt_wz_L;2859;2966;
1692337864;1692339607;L;18-08-23;dsc_buy_L;dsc_buy_all_prc_L;2814;2968;
1692338022;1692339924;L;18-08-23;dsc_buy_L;dsc_buy_event_L;2828;2996;
1692340196;1692340287;L;18-08-23;dsc_buy_L;dsc_buy_up_cnt_wz_L;3020;3028;
1692340841;1692340852;L;18-08-23;dsc_buy_L;dsc_buy_up_cnt_L;3077;3078;
1692340875;1692340898;L;18-08-23;dsc_buy_L;dsc_buy_up_cnt_L;3080;3082;
1692341011;1692341090;L;18-08-23;dsc_buy_L;dsc_buy_up_cnt_L;3092;3099;
1692341101;1692341135;L;18-08-23;dsc_buy_L;dsc_buy_up_cnt_L;3100;3103;
1692341158;1692341169;L;18-08-23;dsc_buy_L;dsc_buy_up_cnt_L;3105;3106;
1692340423;1692341203;L;18-08-23;dsc_buy_L;dsc_buy_up_cnt_wz_L;3040;3109;
1692339958;1692341372;L;18-08-23;dsc_buy_L;dsc_buy_all_prc_L;2999;3124;
1692340264;1692341485;L;18-08-23;dsc_buy_L;dsc_buy_event_L;3026;3134;
1692342107;1692342186;L;18-08-23;dsc_buy_L;dsc_buy_up_cnt_wz_L;3189;3196;
1692342277;1692342333;L;18-08-23;dsc_buy_L;dsc_buy_all_prc_L;3204;3209;
1692342254;1692342333;L;18-08-23;dsc_buy_L;dsc_buy_up_cnt_wz_L;3202;3209;
1692342367;1692342435;L;18-08-23;dsc_buy_L;dsc_buy_all_prc_L;3212;3218;
1692342457;1692342503;L;18-08-23;dsc_buy_L;dsc_buy_all_prc_L;3220;3224;
1692342491;1692342503;L;18-08-23;dsc_buy_L;dsc_buy_up_cnt_wz_L;3223;3224;
1692342537;1692342548;L;18-08-23;dsc_buy_L;dsc_buy_up_cnt_wz_L;3227;3228;
1692342684;1692342696;L;18-08-23;dsc_buy_L;dsc_buy_all_prc_L;3240;3241;
1692343274;1692343285;L;18-08-23;dsc_buy_L;dsc_buy_up_cnt_wz_L;3292;3293;
1692343592;1692343848;L;18-08-23;dsc_buy_L;dsc_buy_all_prc_L;3320;3342;
1692344538;1692344549;L;18-08-23;dsc_buy_L;dsc_buy_up_cnt_wz_L;3403;3404;
1692344617;1692344663;L;18-08-23;dsc_buy_L;dsc_buy_all_prc_L;3410;3414;
1692344561;1692344731;L;18-08-23;dsc_buy_L;dsc_buy_up_cnt_wz_L;3405;3420;
1692344719;1692344742;L;18-08-23;dsc_buy_L;dsc_buy_all_prc_L;3419;3421;
1692344799;1692344833;L;18-08-23;dsc_buy_L;dsc_buy_all_prc_L;3426;3429;
1692344855;1692344935;L;18-08-23;dsc_buy_L;dsc_buy_all_prc_L;3431;3438;
1692344991;1692345002;L;18-08-23;dsc_buy_L;dsc_buy_all_prc_L;3443;3444;
1692345025;1692345116;L;18-08-23;dsc_buy_L;dsc_buy_all_prc_L;3446;3454;
1692345082;1692345547;L;18-08-23;dsc_buy_L;dsc_buy_up_cnt_wz_L;3451;3492;
1692345252;1692345570;L;18-08-23;dsc_buy_L;dsc_buy_all_prc_L;3466;3494;
1692345888;1692346093;L;18-08-23;dsc_buy_L;dsc_buy_all_prc_L;3522;3540;
1692346285;1692346319;L;18-08-23;dsc_buy_L;dsc_buy_all_prc_L;3557;3560;
1692346353;1692346546;L;18-08-23;dsc_buy_L;dsc_buy_all_prc_L;3563;3580;
1692346523;1692346592;L;18-08-23;dsc_buy_L;dsc_buy_event_L;3578;3584;
1692348883;1692349098;L;18-08-23;dsc_buy_L;dsc_buy_up_cnt_wz_L;3786;3805;
1692349890;1692349924;L;18-08-23;dsc_buy_L;dsc_buy_all_prc_L;3875;3878;
1692349935;1692349946;L;18-08-23;dsc_buy_L;dsc_buy_up_cnt_wz_L;3879;3880;
1692350003;1692350014;L;18-08-23;dsc_buy_L;dsc_buy_up_cnt_wz_L;3885;3886;
1692349924;1692350466;L;18-08-23;dsc_buy_L;dsc_buy_event_L;3878;3926;
1692351191;1692351203;L;18-08-23;dsc_buy_L;dsc_buy_all_prc_L;3990;3991;
1692356556;1692356602;L;18-08-23;dsc_buy_L;dsc_buy_all_prc_L;4457;4461;
1692356637;1692356747;L;18-08-23;dsc_buy_L;dsc_buy_all_prc_L;4464;4473;
1692356770;1692356828;L;18-08-23;dsc_buy_L;dsc_buy_all_prc_L;4475;4480;
1692356840;1692356876;L;18-08-23;dsc_buy_L;dsc_buy_all_prc_L;4481;4484;
1692356981;1692357124;L;18-08-23;dsc_buy_L;dsc_buy_all_prc_L;4493;4505;
1692357147;1692357606;L;18-08-23;dsc_buy_L;dsc_buy_all_prc_L;4507;4546;
1692357582;1692357652;L;18-08-23;dsc_buy_L;dsc_buy_event_L;4544;4550;
1692357946;1692358050;L;18-08-23;dsc_buy_L;dsc_buy_all_prc_L;4575;4584;
1692358904;1692359276;L;18-08-23;dsc_buy_L;dsc_buy_up_cnt_wz_L;4657;4689;
1692359564;1692359576;L;18-08-23;dsc_buy_L;dsc_buy_up_cnt_L;4713;4714;
1692359516;1692359707;L;18-08-23;dsc_buy_L;dsc_buy_up_cnt_wz_L;4709;4725;
1692359719;1692359731;L;18-08-23;dsc_buy_L;dsc_buy_up_cnt_wz_L;4726;4727;
1692358893;1692359909;L;18-08-23;dsc_buy_L;dsc_buy_all_prc_L;4656;4742;
1692365834;1692366102;L;18-08-23;dsc_buy_L;dsc_buy_up_cnt_wz_L;5239;5261;
1692365896;1692366114;L;18-08-23;dsc_buy_L;dsc_buy_all_prc_L;5244;5262;
1692366149;1692366161;L;18-08-23;dsc_buy_L;dsc_buy_all_prc_L;5265;5266;
1692366149;1692366161;L;18-08-23;dsc_buy_L;dsc_buy_deriv_L;5265;5266;
1692366487;1692366662;L;18-08-23;dsc_buy_L;dsc_buy_deriv_L;5293;5307;
1692366674;1692366698;L;18-08-23;dsc_buy_L;dsc_buy_deriv_L;5308;5310;
1692366401;1692366760;L;18-08-23;dsc_buy_L;dsc_buy_up_cnt_wz_L;5286;5315;
1692366389;1692366772;L;18-08-23;dsc_buy_L;dsc_buy_all_prc_L;5285;5316;
1692366650;1692366796;L;18-08-23;dsc_buy_L;dsc_buy_event_L;5306;5318;
1692367584;1692367595;L;18-08-23;dsc_buy_L;dsc_buy_up_cnt_wz_L;5386;5387;
1692369809;1692369928;L;18-08-23;dsc_buy_L;dsc_buy_all_prc_L;5580;5590;
1692371531;1692371577;L;18-08-23;dsc_buy_L;dsc_buy_up_cnt_wz_L;5730;5734;
1692371599;1692371611;L;18-08-23;dsc_buy_L;dsc_buy_up_cnt_wz_L;5736;5737;
1692371656;1692371668;L;18-08-23;dsc_buy_L;dsc_buy_up_cnt_wz_L;5741;5742;
1692371679;1692372001;L;18-08-23;dsc_buy_L;dsc_buy_up_cnt_wz_L;5743;5771;
1692372035;1692372046;L;18-08-23;dsc_buy_L;dsc_buy_up_cnt_wz_L;5774;5775;
1692371839;1692372206;L;18-08-23;dsc_buy_L;dsc_buy_all_prc_L;5757;5789;
1692375135;1692375192;L;18-08-23;dsc_buy_L;dsc_buy_up_cnt_wz_L;6045;6050;
1692375203;1692375411;L;18-08-23;dsc_buy_L;dsc_buy_up_cnt_wz_L;6051;6069;
1692375169;1692375481;L;18-08-23;dsc_buy_L;dsc_buy_all_prc_L;6048;6075;
1692377942;1692377953;L;18-08-23;dsc_buy_L;dsc_buy_up_cnt_wz_L;6290;6291;
1692380063;1692380132;L;18-08-23;dsc_buy_L;dsc_buy_deriv_L;6475;6481;
1692380143;1692380188;L;18-08-23;dsc_buy_L;dsc_buy_deriv_L;6482;6486;
1692380349;1692380566;L;18-08-23;dsc_buy_L;dsc_buy_deriv_L;6500;6519;
1692380657;1692380668;L;18-08-23;dsc_buy_L;dsc_buy_deriv_L;6527;6528;
1692380406;1692380749;L;18-08-23;dsc_buy_L;dsc_buy_all_prc_L;6505;6535;
1692380349;1692380749;L;18-08-23;dsc_buy_L;dsc_buy_up_cnt_wz_L;6500;6535;
1692380783;1692380839;L;18-08-23;dsc_buy_L;dsc_buy_all_prc_L;6538;6543;
1692380976;1692381010;L;18-08-23;dsc_buy_L;dsc_buy_up_cnt_wz_L;6555;6558;
1692381079;1692381101;L;18-08-23;dsc_buy_L;dsc_buy_up_cnt_wz_L;6564;6566;
1692381113;1692381295;L;18-08-23;dsc_buy_L;dsc_buy_up_cnt_wz_L;6567;6583;
1692380874;1692381421;L;18-08-23;dsc_buy_L;dsc_buy_all_prc_L;6546;6594;
1692380965;1692381513;L;18-08-23;dsc_buy_L;dsc_buy_event_L;6554;6602;
1692381559;1692381570;L;18-08-23;dsc_buy_L;dsc_buy_all_prc_L;6606;6607;
1692381581;1692381593;L;18-08-23;dsc_buy_L;dsc_buy_all_prc_L;6608;6609;
1692383853;1692383864;L;18-08-23;dsc_buy_L;dsc_buy_up_cnt_wz_L;6807;6808;
1692383876;1692384253;L;18-08-23;dsc_buy_L;dsc_buy_up_cnt_wz_L;6809;6842;
1692384265;1692384276;L;18-08-23;dsc_buy_L;dsc_buy_up_cnt_L;6843;6844;
1692383899;1692384356;L;18-08-23;dsc_buy_L;dsc_buy_all_prc_L;6811;6851;
1692384482;1692384493;L;18-08-23;dsc_buy_L;dsc_buy_all_prc_L;6862;6863;
1692384733;1692384790;L;18-08-23;dsc_buy_L;dsc_buy_ALL_L;6884;6889;
1692384573;1692384790;L;18-08-23;dsc_buy_L;dsc_buy_deriv_L;6870;6889;
1692384619;1692384859;L;18-08-23;dsc_buy_L;dsc_buy_up_cnt_L;6874;6895;
1692384527;1692384870;L;18-08-23;dsc_buy_L;dsc_buy_up_cnt_wz_L;6866;6896;
1692384516;1692384939;L;18-08-23;dsc_buy_L;dsc_buy_all_prc_L;6865;6902;
1692384733;1692384939;L;18-08-23;dsc_buy_L;dsc_buy_event_L;6884;6902;
1692390487;1692390521;L;18-08-23;dsc_buy_L;dsc_buy_deriv_L;7386;7389;
1692390590;1692390635;L;18-08-23;dsc_buy_L;dsc_buy_deriv_L;7395;7399;
1692390613;1692390682;L;18-08-23;dsc_buy_L;dsc_buy_up_cnt_wz_L;7397;7403;
1692390773;1692390934;L;18-08-23;dsc_buy_L;dsc_buy_up_cnt_wz_L;7411;7425;
1692390945;1692390957;L;18-08-23;dsc_buy_L;dsc_buy_up_cnt_L;7426;7427;
1692390429;1692391196;L;18-08-23;dsc_buy_L;dsc_buy_all_prc_L;7381;7448;
1692390165;1692391402;L;18-08-23;dsc_buy_L;dsc_buy_event_L;7358;7466;
1692309956;1692310080;S;18-08-23;dsc_set_S;dsc_set_deriv_S;346;357;
1692310759;1692310816;S;18-08-23;dsc_set_S;dsc_set_all_prc_S;417;422;
1692311461;1692311552;S;18-08-23;dsc_set_S;dsc_set_deriv_S;479;487;
1692311586;1692311722;S;18-08-23;dsc_set_S;dsc_set_deriv_S;490;502;
1692310861;1692312267;S;18-08-23;dsc_set_S;dsc_set_all_prc_S;426;550;
1692313115;1692313172;S;18-08-23;dsc_set_S;dsc_set_up_cnt_S;625;630;
1692313478;1692313500;S;18-08-23;dsc_set_S;dsc_set_up_cnt_S;657;659;
1692313512;1692313591;S;18-08-23;dsc_set_S;dsc_set_up_cnt_S;660;667;
1692313602;1692313625;S;18-08-23;dsc_set_S;dsc_set_up_cnt_S;668;670;
1692313636;1692313647;S;18-08-23;dsc_set_S;dsc_set_up_cnt_S;671;672;
1692313206;1692313908;S;18-08-23;dsc_set_S;dsc_set_deriv_S;633;695;
1692313772;1692313988;S;18-08-23;dsc_set_S;dsc_set_up_cnt_wz_S;683;702;
1692313670;1692313999;S;18-08-23;dsc_set_S;dsc_set_up_cnt_S;674;703;
1692314044;1692314056;S;18-08-23;dsc_set_S;dsc_set_up_cnt_S;707;708;
1692314192;1692314350;S;18-08-23;dsc_set_S;dsc_set_up_cnt_wz_S;720;734;
1692314192;1692314362;S;18-08-23;dsc_set_S;dsc_set_up_cnt_S;720;735;
1692314373;1692314441;S;18-08-23;dsc_set_S;dsc_set_up_cnt_S;736;742;
1692314373;1692314441;S;18-08-23;dsc_set_S;dsc_set_up_cnt_wz_S;736;742;
1692312991;1692314565;S;18-08-23;dsc_set_S;dsc_set_all_prc_S;614;753;
1692314689;1692314768;S;18-08-23;dsc_set_S;dsc_set_all_prc_S;764;771;
1692316362;1692316453;S;18-08-23;dsc_set_S;dsc_set_deriv_S;912;920;
1692316702;1692316747;S;18-08-23;dsc_set_S;dsc_set_deriv_S;942;946;
1692317302;1692317325;S;18-08-23;dsc_set_S;dsc_set_deriv_S;995;997;
1692317743;1692317754;S;18-08-23;dsc_set_S;dsc_set_deriv_S;1034;1035;
1692318161;1692318184;S;18-08-23;dsc_set_S;dsc_set_up_cnt_S;1071;1073;
1692317766;1692318206;S;18-08-23;dsc_set_S;dsc_set_deriv_S;1036;1075;
1692317325;1692318941;S;18-08-23;dsc_set_S;dsc_set_all_prc_S;997;1140;
1692322534;1692322647;S;18-08-23;dsc_set_S;dsc_set_deriv_S;1458;1468;
1692322659;1692322704;S;18-08-23;dsc_set_S;dsc_set_deriv_S;1469;1473;
1692323347;1692323370;S;18-08-23;dsc_set_S;dsc_set_all_prc_S;1530;1532;
1692324184;1692325442;S;18-08-23;dsc_set_S;dsc_set_all_prc_S;1604;1715;
1692330836;1692331990;S;18-08-23;dsc_set_S;dsc_set_event_S;2192;2294;
1692332125;1692332193;S;18-08-23;dsc_set_S;dsc_set_event_S;2306;2312;
1692329480;1692332250;S;18-08-23;dsc_set_S;dsc_set_all_prc_S;2072;2317;
1692335253;1692335264;S;18-08-23;dsc_set_S;dsc_set_all_prc_S;2583;2584;
1692335320;1692335377;S;18-08-23;dsc_set_S;dsc_set_all_prc_S;2589;2594;
1692336992;1692337004;S;18-08-23;dsc_set_S;dsc_set_up_cnt_S;2737;2738;
1692337027;1692337038;S;18-08-23;dsc_set_S;dsc_set_up_cnt_S;2740;2741;
1692337072;1692337333;S;18-08-23;dsc_set_S;dsc_set_ALL_S;2744;2767;
1692337072;1692337333;S;18-08-23;dsc_set_S;dsc_set_up_cnt_wz_S;2744;2767;
1692337344;1692337355;S;18-08-23;dsc_set_S;dsc_set_ALL_S;2768;2769;
1692337060;1692337355;S;18-08-23;dsc_set_S;dsc_set_up_cnt_S;2743;2769;
1692337344;1692337355;S;18-08-23;dsc_set_S;dsc_set_up_cnt_wz_S;2768;2769;
1692337038;1692337423;S;18-08-23;dsc_set_S;dsc_set_deriv_S;2741;2775;
1692337434;1692337547;S;18-08-23;dsc_set_S;dsc_set_deriv_S;2776;2786;
1692336461;1692337547;S;18-08-23;dsc_set_S;dsc_set_event_S;2690;2786;
1692339008;1692339019;S;18-08-23;dsc_set_S;dsc_set_up_cnt_S;2915;2916;
1692339053;1692339076;S;18-08-23;dsc_set_S;dsc_set_up_cnt_S;2919;2921;
1692339144;1692339166;S;18-08-23;dsc_set_S;dsc_set_ALL_S;2927;2929;
1692339144;1692339166;S;18-08-23;dsc_set_S;dsc_set_up_cnt_wz_S;2927;2929;
1692339178;1692339201;S;18-08-23;dsc_set_S;dsc_set_ALL_S;2930;2932;
1692339178;1692339201;S;18-08-23;dsc_set_S;dsc_set_up_cnt_wz_S;2930;2932;
1692339212;1692339246;S;18-08-23;dsc_set_S;dsc_set_ALL_S;2933;2936;
1692339212;1692339246;S;18-08-23;dsc_set_S;dsc_set_up_cnt_wz_S;2933;2936;
1692339257;1692339382;S;18-08-23;dsc_set_S;dsc_set_ALL_S;2937;2948;
1692339257;1692339382;S;18-08-23;dsc_set_S;dsc_set_up_cnt_wz_S;2937;2948;
1692339404;1692339449;S;18-08-23;dsc_set_S;dsc_set_ALL_S;2950;2954;
1692339110;1692339449;S;18-08-23;dsc_set_S;dsc_set_deriv_S;2924;2954;
1692339461;1692339472;S;18-08-23;dsc_set_S;dsc_set_ALL_S;2955;2956;
1692339461;1692339472;S;18-08-23;dsc_set_S;dsc_set_deriv_S;2955;2956;
1692339528;1692339551;S;18-08-23;dsc_set_S;dsc_set_ALL_S;2961;2963;
1692339404;1692339551;S;18-08-23;dsc_set_S;dsc_set_up_cnt_wz_S;2950;2963;
1692339562;1692339585;S;18-08-23;dsc_set_S;dsc_set_ALL_S;2964;2966;
1692339562;1692339585;S;18-08-23;dsc_set_S;dsc_set_up_cnt_wz_S;2964;2966;
1692339596;1692339630;S;18-08-23;dsc_set_S;dsc_set_ALL_S;2967;2970;
1692339528;1692339630;S;18-08-23;dsc_set_S;dsc_set_deriv_S;2961;2970;
1692339596;1692339652;S;18-08-23;dsc_set_S;dsc_set_up_cnt_wz_S;2967;2972;
1692339121;1692339664;S;18-08-23;dsc_set_S;dsc_set_up_cnt_S;2925;2973;
1692339698;1692339720;S;18-08-23;dsc_set_S;dsc_set_up_cnt_wz_S;2976;2978;
1692338702;1692339788;S;18-08-23;dsc_set_S;dsc_set_event_S;2888;2984;
1692339777;1692339800;S;18-08-23;dsc_set_S;dsc_set_up_cnt_wz_S;2983;2985;
1692339675;1692339822;S;18-08-23;dsc_set_S;dsc_set_up_cnt_S;2974;2987;
1692339913;1692339924;S;18-08-23;dsc_set_S;dsc_set_up_cnt_S;2995;2996;
1692335433;1692340162;S;18-08-23;dsc_set_S;dsc_set_all_prc_S;2599;3017;
1692340332;1692341768;S;18-08-23;dsc_set_S;dsc_set_all_prc_S;3032;3159;
1692342005;1692342548;S;18-08-23;dsc_set_S;dsc_set_all_prc_S;3180;3228;
1692342593;1692342888;S;18-08-23;dsc_set_S;dsc_set_all_prc_S;3232;3258;
1692343229;1692344052;S;18-08-23;dsc_set_S;dsc_set_all_prc_S;3288;3360;
1692344063;1692344177;S;18-08-23;dsc_set_S;dsc_set_all_prc_S;3361;3371;
1692344549;1692344561;S;18-08-23;dsc_set_S;dsc_set_all_prc_S;3404;3405;
1692344595;1692344651;S;18-08-23;dsc_set_S;dsc_set_all_prc_S;3408;3413;
1692344799;1692346852;S;18-08-23;dsc_set_S;dsc_set_all_prc_S;3426;3607;
1692349245;1692349992;S;18-08-23;dsc_set_S;dsc_set_all_prc_S;3818;3884;
1692350455;1692350478;S;18-08-23;dsc_set_S;dsc_set_all_prc_S;3925;3927;
1692350500;1692350602;S;18-08-23;dsc_set_S;dsc_set_all_prc_S;3929;3938;
1692350976;1692351067;S;18-08-23;dsc_set_S;dsc_set_all_prc_S;3971;3979;
1692354870;1692355837;S;18-08-23;dsc_set_S;dsc_set_all_prc_S;4311;4395;
1692356023;1692356034;S;18-08-23;dsc_set_S;dsc_set_all_prc_S;4411;4412;
1692356046;1692356057;S;18-08-23;dsc_set_S;dsc_set_all_prc_S;4413;4414;
1692356197;1692356486;S;18-08-23;dsc_set_S;dsc_set_all_prc_S;4426;4451;
1692356591;1692356625;S;18-08-23;dsc_set_S;dsc_set_all_prc_S;4460;4463;
1692356747;1692357112;S;18-08-23;dsc_set_S;dsc_set_all_prc_S;4473;4504;
1692357170;1692357687;S;18-08-23;dsc_set_S;dsc_set_all_prc_S;4509;4553;
1692357770;1692358110;S;18-08-23;dsc_set_S;dsc_set_all_prc_S;4560;4589;
1692359612;1692359837;S;18-08-23;dsc_set_S;dsc_set_deriv_S;4717;4736;
1692358904;1692360268;S;18-08-23;dsc_set_S;dsc_set_all_prc_S;4657;4772;
1692366102;1692366114;S;18-08-23;dsc_set_S;dsc_set_all_prc_S;5261;5262;
1692366317;1692367264;S;18-08-23;dsc_set_S;dsc_set_all_prc_S;5279;5358;
1692371931;1692372012;S;18-08-23;dsc_set_S;dsc_set_deriv_S;5765;5772;
1692372414;1692372745;S;18-08-23;dsc_set_S;dsc_set_all_prc_S;5807;5836;
1692375192;1692375261;S;18-08-23;dsc_set_S;dsc_set_deriv_S;6050;6056;
1692375399;1692375527;S;18-08-23;dsc_set_S;dsc_set_deriv_S;6068;6079;
1692379454;1692380006;S;18-08-23;dsc_set_S;dsc_set_deriv_S;6422;6470;
1692380668;1692380691;S;18-08-23;dsc_set_S;dsc_set_up_cnt_wz_S;6528;6530;
1692380040;1692380760;S;18-08-23;dsc_set_S;dsc_set_deriv_S;6473;6536;
1692380566;1692380783;S;18-08-23;dsc_set_S;dsc_set_up_cnt_S;6519;6538;
1692380816;1692381250;S;18-08-23;dsc_set_S;dsc_set_up_cnt_S;6541;6579;
1692380862;1692381250;S;18-08-23;dsc_set_S;dsc_set_up_cnt_wz_S;6545;6579;
1692380018;1692381764;S;18-08-23;dsc_set_S;dsc_set_all_prc_S;6471;6624;
1692383853;1692383864;S;18-08-23;dsc_set_S;dsc_set_deriv_S;6807;6808;
1692383899;1692384013;S;18-08-23;dsc_set_S;dsc_set_deriv_S;6811;6821;
1692384550;1692384608;S;18-08-23;dsc_set_S;dsc_set_up_cnt_S;6868;6873;
1692384676;1692384767;S;18-08-23;dsc_set_S;dsc_set_ALL_S;6879;6887;
1692384539;1692384767;S;18-08-23;dsc_set_S;dsc_set_deriv_S;6867;6887;
1692384676;1692384779;S;18-08-23;dsc_set_S;dsc_set_up_cnt_wz_S;6879;6888;
1692384619;1692384790;S;18-08-23;dsc_set_S;dsc_set_up_cnt_S;6874;6889;
1692384802;1692384813;S;18-08-23;dsc_set_S;dsc_set_up_cnt_S;6890;6891;
1692384882;1692384974;S;18-08-23;dsc_set_S;dsc_set_up_cnt_S;6897;6905;
1692384985;1692385100;S;18-08-23;dsc_set_S;dsc_set_up_cnt_S;6906;6916;
1692384664;1692385145;S;18-08-23;dsc_set_S;dsc_set_event_S;6878;6920;
1692383887;1692385421;S;18-08-23;dsc_set_S;dsc_set_all_prc_S;6810;6944;
1692390028;1692390177;S;18-08-23;dsc_set_S;dsc_set_all_prc_S;7346;7359;
1692391105;1692391116;S;18-08-23;dsc_set_S;dsc_set_up_cnt_S;7440;7441;
1692391105;1692391116;S;18-08-23;dsc_set_S;dsc_set_up_cnt_wz_S;7440;7441;
1692390991;1692391196;S;18-08-23;dsc_set_S;dsc_set_event_S;7430;7448;
1692391288;1692391322;S;18-08-23;dsc_set_S;dsc_set_up_cnt_wz_S;7456;7459;
1692390211;1692391723;S;18-08-23;dsc_set_S;dsc_set_all_prc_S;7362;7494;
1692391826;1692391963;S;18-08-23;dsc_set_S;dsc_set_all_prc_S;7503;7515;
1692337072;1692392398;S;18-08-23;dsc_set_S;dsc_set_major_flags_S;2744;7553;
